Image Name,Box Number,X Coordinate,Y Coordinate
1,1,tensor(132.8861),tensor(119.6922)
1,2,tensor(136.1983),tensor(168.1685)
1,3,tensor(153.4816),tensor(94.3958)
10,1,tensor(67.1013),tensor(51.8926)
10,2,tensor(117.7845),tensor(16.9033)
10,3,tensor(140.2173),tensor(24.7774)
10,4,tensor(186.4421),tensor(6.9395)
10,5,tensor(36.8086),tensor(23.6952)
10,6,tensor(75.6418),tensor(14.8279)
10,7,tensor(135.6868),tensor(92.5000)
10,8,tensor(155.3078),tensor(3.9727)
10,9,tensor(163.8327),tensor(26.2785)
10,10,tensor(29.4777),tensor(78.7539)
10,11,tensor(104.6476),tensor(28.7790)
100,1,tensor(127.3095),tensor(85.4622)
101,1,tensor(224.8514),tensor(48.4200)
101,2,tensor(166.9044),tensor(69.2921)
101,3,tensor(41.2979),tensor(93.0507)
101,4,tensor(92.0913),tensor(62.0299)
101,5,tensor(167.8783),tensor(118.5471)
101,6,tensor(122.7604),tensor(97.0649)
101,7,tensor(60.8986),tensor(135.8551)
101,8,tensor(254.5388),tensor(29.7046)
101,9,tensor(26.7075),tensor(142.4574)
101,10,tensor(216.5367),tensor(97.3229)
102,1,tensor(184.3049),tensor(62.0624)
102,2,tensor(150.8306),tensor(132.1743)
102,3,tensor(101.0317),tensor(134.3447)
102,4,tensor(251.9692),tensor(38.7350)
102,5,tensor(207.7957),tensor(33.8578)
102,6,tensor(257.0270),tensor(143.1165)
102,7,tensor(204.2239),tensor(134.3102)
102,8,tensor(137.8581),tensor(8.0044)
102,9,tensor(173.8266),tensor(158.2077)
103,1,tensor(95.9111),tensor(146.9500)
103,2,tensor(32.1100),tensor(50.2252)
103,3,tensor(159.2717),tensor(117.2018)
103,4,tensor(82.8473),tensor(36.5870)
103,5,tensor(133.5730),tensor(117.0927)
103,6,tensor(184.7958),tensor(93.2750)
103,7,tensor(127.0831),tensor(45.5030)
103,8,tensor(192.6652),tensor(41.5870)
103,9,tensor(133.1866),tensor(48.2984)
103,10,tensor(103.3374),tensor(50.4911)
103,11,tensor(189.0796),tensor(37.4676)
103,12,tensor(149.7114),tensor(62.9127)
104,1,tensor(142.5557),tensor(90.5016)
104,2,tensor(64.9920),tensor(122.5519)
104,3,tensor(205.2925),tensor(98.1041)
105,1,tensor(172.1526),tensor(44.6790)
105,2,tensor(129.9532),tensor(65.4623)
105,3,tensor(100.5760),tensor(32.6994)
105,4,tensor(129.9207),tensor(110.3319)
105,5,tensor(48.6193),tensor(68.1711)
106,1,tensor(212.0569),tensor(106.0713)
106,2,tensor(144.8591),tensor(129.8245)
106,3,tensor(63.6005),tensor(110.4095)
107,1,tensor(113.9573),tensor(87.4127)
107,2,tensor(149.2923),tensor(85.2891)
107,3,tensor(169.8316),tensor(127.4214)
107,4,tensor(244.4760),tensor(148.4777)
107,5,tensor(9.6187),tensor(151.1100)
107,6,tensor(93.0829),tensor(137.5601)
107,7,tensor(263.5479),tensor(158.4698)
107,8,tensor(89.5004),tensor(126.4427)
108,1,tensor(173.6955),tensor(75.5996)
108,2,tensor(91.1291),tensor(71.8224)
109,1,tensor(15.5479),tensor(40.6979)
109,2,tensor(179.2509),tensor(103.6305)
109,3,tensor(27.9725),tensor(128.6898)
109,4,tensor(35.3741),tensor(86.8256)
109,5,tensor(71.8229),tensor(63.6200)
109,6,tensor(69.2248),tensor(85.0427)
109,7,tensor(255.3602),tensor(78.6192)
109,8,tensor(201.0827),tensor(91.1439)
109,9,tensor(50.9279),tensor(29.0371)
109,10,tensor(111.7244),tensor(143.2421)
109,11,tensor(95.4330),tensor(95.3825)
109,12,tensor(193.9536),tensor(163.5708)
109,13,tensor(85.5272),tensor(130.7458)
109,14,tensor(37.4415),tensor(171.3984)
109,15,tensor(248.5894),tensor(131.5895)
109,16,tensor(259.8860),tensor(159.0888)
109,17,tensor(70.7705),tensor(27.0801)
109,18,tensor(141.6859),tensor(152.1274)
109,19,tensor(186.2474),tensor(74.9491)
109,20,tensor(264.8599),tensor(128.0064)
109,21,tensor(138.3966),tensor(173.2877)
109,22,tensor(233.6196),tensor(177.9757)
109,23,tensor(139.0318),tensor(90.1817)
109,24,tensor(58.0290),tensor(50.5892)
109,25,tensor(156.4549),tensor(71.9267)
109,26,tensor(122.9873),tensor(161.7407)
109,27,tensor(20.1182),tensor(20.5483)
109,28,tensor(127.2663),tensor(141.4093)
109,29,tensor(42.8652),tensor(112.8717)
11,1,tensor(208.5514),tensor(16.0757)
11,2,tensor(94.8404),tensor(54.3824)
11,3,tensor(15.0954),tensor(29.0130)
11,4,tensor(10.0718),tensor(78.2822)
11,5,tensor(13.0594),tensor(123.5084)
11,6,tensor(115.3882),tensor(28.2658)
11,7,tensor(215.6079),tensor(94.6972)
11,8,tensor(240.8983),tensor(60.2443)
11,9,tensor(179.5338),tensor(41.9056)
11,10,tensor(31.1741),tensor(5.1793)
11,11,tensor(225.1723),tensor(69.1577)
11,12,tensor(77.7134),tensor(33.1525)
11,13,tensor(145.2834),tensor(25.7195)
11,14,tensor(58.1987),tensor(17.1685)
11,15,tensor(58.6821),tensor(89.6976)
11,16,tensor(235.2705),tensor(107.6534)
11,17,tensor(141.5285),tensor(6.7653)
11,18,tensor(37.4175),tensor(155.7019)
11,19,tensor(100.0486),tensor(80.9632)
11,20,tensor(85.5367),tensor(67.6387)
11,21,tensor(264.0989),tensor(42.9503)
11,22,tensor(132.7047),tensor(105.3492)
11,23,tensor(242.8827),tensor(134.1061)
11,24,tensor(14.8110),tensor(12.3680)
11,25,tensor(174.5351),tensor(66.1116)
11,26,tensor(165.2237),tensor(95.6082)
11,27,tensor(193.0703),tensor(116.8949)
11,28,tensor(182.4482),tensor(136.1209)
11,29,tensor(183.1700),tensor(137.7239)
11,30,tensor(58.1859),tensor(91.3114)
11,31,tensor(98.6852),tensor(120.0642)
11,32,tensor(135.0910),tensor(92.7622)
11,33,tensor(32.0034),tensor(34.4054)
11,34,tensor(24.8232),tensor(106.5893)
11,35,tensor(180.4880),tensor(2.9219)
11,36,tensor(101.3908),tensor(83.8689)
11,37,tensor(35.4690),tensor(104.0844)
11,38,tensor(62.2265),tensor(76.7889)
11,39,tensor(118.8329),tensor(132.6679)
11,40,tensor(87.1437),tensor(8.8350)
11,41,tensor(60.6765),tensor(135.4062)
11,42,tensor(4.1088),tensor(142.4851)
11,43,tensor(246.9110),tensor(104.5528)
11,44,tensor(77.9689),tensor(140.3334)
11,45,tensor(33.1248),tensor(75.4420)
11,46,tensor(28.6102),tensor(127.3643)
11,47,tensor(53.3796),tensor(59.3030)
11,48,tensor(136.2975),tensor(41.6965)
11,49,tensor(121.9524),tensor(56.9630)
11,50,tensor(165.9683),tensor(97.0057)
11,51,tensor(57.0147),tensor(95.3118)
11,52,tensor(96.6425),tensor(81.1034)
11,53,tensor(216.3289),tensor(131.3111)
11,54,tensor(34.6028),tensor(77.5405)
11,55,tensor(135.4168),tensor(136.0611)
11,56,tensor(55.1195),tensor(20.4429)
11,57,tensor(178.2455),tensor(28.1329)
11,58,tensor(264.7470),tensor(7.6390)
11,59,tensor(257.9589),tensor(97.0070)
11,60,tensor(144.6387),tensor(134.2809)
11,61,tensor(105.2669),tensor(90.2259)
11,62,tensor(180.9340),tensor(130.1583)
11,63,tensor(104.8235),tensor(86.2444)
11,64,tensor(155.6222),tensor(156.3698)
11,65,tensor(84.0896),tensor(9.4387)
11,66,tensor(2.4978),tensor(80.0108)
11,67,tensor(115.9276),tensor(83.3185)
11,68,tensor(59.0553),tensor(14.6621)
11,69,tensor(109.9770),tensor(48.3345)
11,70,tensor(89.8488),tensor(7.6924)
11,71,tensor(4.0160),tensor(147.1111)
11,72,tensor(54.4311),tensor(23.9407)
11,73,tensor(15.4400),tensor(23.1235)
11,74,tensor(93.5373),tensor(4.8073)
110,1,tensor(136.0138),tensor(85.5929)
110,2,tensor(71.0199),tensor(25.0357)
111,1,tensor(141.7240),tensor(85.3811)
112,1,tensor(246.8222),tensor(161.7483)
112,2,tensor(133.7552),tensor(77.7675)
112,3,tensor(152.2597),tensor(79.7769)
112,4,tensor(16.5711),tensor(21.4383)
113,1,tensor(135.0096),tensor(92.5000)
114,1,tensor(135.6716),tensor(92.5000)
114,2,tensor(183.5446),tensor(2.8278)
115,1,tensor(132.9683),tensor(79.9445)
115,2,tensor(63.3342),tensor(73.3223)
115,3,tensor(258.2074),tensor(144.3711)
115,4,tensor(225.5484),tensor(123.5061)
115,5,tensor(257.9911),tensor(152.6765)
115,6,tensor(243.6931),tensor(78.2928)
115,7,tensor(111.6880),tensor(103.1569)
115,8,tensor(16.6138),tensor(8.4724)
116,1,tensor(78.4585),tensor(159.5133)
116,2,tensor(222.7326),tensor(147.4612)
116,3,tensor(180.1420),tensor(69.8970)
116,4,tensor(88.8769),tensor(22.6434)
116,5,tensor(116.6182),tensor(92.4678)
116,6,tensor(178.4275),tensor(107.2016)
116,7,tensor(21.6559),tensor(51.4741)
116,8,tensor(185.1673),tensor(18.0569)
116,9,tensor(218.1141),tensor(68.4907)
116,10,tensor(245.1935),tensor(48.4603)
118,1,tensor(237.4510),tensor(111.2792)
118,2,tensor(235.5506),tensor(148.5375)
118,3,tensor(262.4049),tensor(12.4092)
118,4,tensor(232.5448),tensor(87.7937)
118,5,tensor(174.3242),tensor(96.9283)
118,6,tensor(183.5158),tensor(56.3555)
118,7,tensor(240.2554),tensor(171.2581)
118,8,tensor(183.5477),tensor(66.4060)
118,9,tensor(34.9228),tensor(59.1415)
118,10,tensor(23.1930),tensor(10.3162)
118,11,tensor(248.7298),tensor(156.9428)
118,12,tensor(264.6296),tensor(103.7985)
118,13,tensor(229.5228),tensor(30.9674)
118,14,tensor(183.6996),tensor(62.7687)
118,15,tensor(172.8179),tensor(16.9159)
118,16,tensor(220.2416),tensor(106.2945)
118,17,tensor(211.8966),tensor(73.7546)
118,18,tensor(132.0951),tensor(105.6210)
118,19,tensor(196.5121),tensor(159.0816)
118,20,tensor(11.6927),tensor(138.6073)
119,1,tensor(251.5190),tensor(98.2942)
119,2,tensor(215.1945),tensor(46.0678)
119,3,tensor(237.6380),tensor(69.8200)
119,4,tensor(77.0951),tensor(107.7100)
119,5,tensor(207.7810),tensor(95.2001)
119,6,tensor(9.7080),tensor(117.1656)
119,7,tensor(91.9977),tensor(39.7001)
119,8,tensor(149.3012),tensor(167.7116)
119,9,tensor(15.0464),tensor(177.6887)
119,10,tensor(258.7774),tensor(132.1568)
119,11,tensor(16.6078),tensor(178.9310)
119,12,tensor(108.2245),tensor(81.6687)
119,13,tensor(148.3069),tensor(169.7782)
119,14,tensor(118.7841),tensor(65.8477)
119,15,tensor(174.5876),tensor(99.7660)
119,16,tensor(6.0812),tensor(32.6955)
119,17,tensor(18.0093),tensor(177.6288)
119,18,tensor(195.9490),tensor(141.2850)
119,19,tensor(263.9185),tensor(72.0608)
12,1,tensor(156.2003),tensor(78.1711)
12,2,tensor(198.4671),tensor(11.4070)
12,3,tensor(46.2284),tensor(76.4421)
12,4,tensor(93.0623),tensor(96.6902)
12,5,tensor(121.5625),tensor(90.5790)
12,6,tensor(239.5431),tensor(36.9583)
12,7,tensor(68.1365),tensor(109.1083)
12,8,tensor(62.6610),tensor(150.7324)
12,9,tensor(137.2312),tensor(109.1315)
12,10,tensor(114.2351),tensor(131.9578)
12,11,tensor(162.6775),tensor(110.7294)
12,12,tensor(114.2766),tensor(121.3308)
12,13,tensor(43.5987),tensor(52.7488)
12,14,tensor(249.6424),tensor(6.4400)
12,15,tensor(113.9552),tensor(126.3976)
12,16,tensor(156.0402),tensor(176.2939)
12,17,tensor(89.4792),tensor(139.5629)
120,1,tensor(16.8208),tensor(71.6891)
120,2,tensor(135.4206),tensor(92.5000)
120,3,tensor(15.6671),tensor(32.8996)
120,4,tensor(36.1862),tensor(115.5428)
121,1,tensor(44.6323),tensor(104.9199)
121,2,tensor(243.7260),tensor(34.4457)
121,3,tensor(94.6876),tensor(98.3469)
121,4,tensor(160.5030),tensor(127.3319)
121,5,tensor(244.2746),tensor(74.7581)
121,6,tensor(42.4386),tensor(74.0505)
121,7,tensor(110.0449),tensor(80.1783)
121,8,tensor(21.4350),tensor(171.1060)
121,9,tensor(30.6940),tensor(29.0777)
121,10,tensor(195.2213),tensor(32.2942)
121,11,tensor(191.3708),tensor(107.8627)
121,12,tensor(10.8579),tensor(16.0438)
121,13,tensor(136.9781),tensor(105.6797)
121,14,tensor(7.1453),tensor(139.6437)
121,15,tensor(76.0725),tensor(145.0011)
121,16,tensor(188.3945),tensor(168.9010)
121,17,tensor(58.2562),tensor(8.2286)
121,18,tensor(86.6362),tensor(53.6142)
121,19,tensor(104.8927),tensor(118.1516)
121,20,tensor(6.3325),tensor(48.6944)
121,21,tensor(79.9438),tensor(109.4040)
121,22,tensor(132.7870),tensor(4.5934)
121,23,tensor(180.9627),tensor(85.5441)
121,24,tensor(3.4222),tensor(77.1503)
121,25,tensor(219.7932),tensor(40.8801)
121,26,tensor(210.4454),tensor(142.2290)
121,27,tensor(142.2159),tensor(84.0841)
121,28,tensor(230.4069),tensor(16.1643)
121,29,tensor(100.8912),tensor(60.6051)
121,30,tensor(142.9276),tensor(81.0414)
121,31,tensor(92.4400),tensor(115.7987)
121,32,tensor(3.1374),tensor(76.6605)
122,1,tensor(214.7734),tensor(48.1142)
122,2,tensor(159.7443),tensor(68.9913)
122,3,tensor(87.6666),tensor(61.5531)
122,4,tensor(159.6420),tensor(118.9090)
122,5,tensor(38.6757),tensor(92.9118)
122,6,tensor(116.5079),tensor(96.9907)
122,7,tensor(248.9651),tensor(29.2376)
122,8,tensor(58.5726),tensor(134.9878)
122,9,tensor(25.1246),tensor(142.4230)
122,10,tensor(206.9477),tensor(96.2421)
123,1,tensor(170.2739),tensor(45.0752)
123,2,tensor(130.3498),tensor(64.7560)
123,3,tensor(53.6541),tensor(67.7308)
123,4,tensor(103.7465),tensor(30.6405)
123,5,tensor(127.6148),tensor(110.9686)
123,6,tensor(99.8677),tensor(26.0361)
123,7,tensor(96.3069),tensor(22.3517)
124,1,tensor(140.3753),tensor(90.6333)
124,2,tensor(70.9188),tensor(123.2397)
124,3,tensor(198.5067),tensor(97.2841)
124,4,tensor(183.6852),tensor(104.5736)
126,1,tensor(76.8973),tensor(16.1667)
126,2,tensor(179.3513),tensor(6.4720)
126,3,tensor(139.8456),tensor(92.2059)
126,4,tensor(167.5262),tensor(62.7356)
126,5,tensor(243.9496),tensor(29.8539)
126,6,tensor(107.3733),tensor(50.0523)
126,7,tensor(44.9450),tensor(25.9413)
128,1,tensor(84.9708),tensor(150.8318)
128,2,tensor(118.5638),tensor(149.7225)
128,3,tensor(109.0068),tensor(127.4200)
128,4,tensor(10.7503),tensor(59.6071)
128,5,tensor(62.1154),tensor(61.9645)
128,6,tensor(138.4495),tensor(102.3884)
128,7,tensor(85.0371),tensor(77.4911)
128,8,tensor(22.0665),tensor(24.2360)
128,9,tensor(126.1483),tensor(136.9028)
128,10,tensor(96.4006),tensor(103.1098)
128,11,tensor(138.5601),tensor(57.6553)
128,12,tensor(33.0695),tensor(78.8725)
128,13,tensor(79.0667),tensor(164.6909)
128,14,tensor(73.4652),tensor(11.8895)
128,15,tensor(122.2416),tensor(77.3108)
128,16,tensor(120.5848),tensor(89.4664)
128,17,tensor(153.9721),tensor(106.7733)
128,18,tensor(82.1911),tensor(128.8702)
128,19,tensor(131.1446),tensor(66.7600)
128,20,tensor(92.6553),tensor(131.9730)
128,21,tensor(87.6882),tensor(71.4412)
128,22,tensor(58.3312),tensor(62.0193)
128,23,tensor(49.3412),tensor(8.7579)
128,24,tensor(126.3416),tensor(120.7183)
128,25,tensor(127.7825),tensor(136.1719)
128,26,tensor(47.0663),tensor(7.2729)
128,27,tensor(29.1164),tensor(109.9717)
128,28,tensor(41.8266),tensor(18.6878)
128,29,tensor(102.4932),tensor(68.5451)
128,30,tensor(72.6884),tensor(44.9513)
128,31,tensor(64.6918),tensor(57.9786)
128,32,tensor(131.2236),tensor(90.1217)
128,33,tensor(65.4706),tensor(107.0474)
128,34,tensor(90.0389),tensor(69.1755)
128,35,tensor(60.7925),tensor(30.0897)
128,36,tensor(102.3048),tensor(64.2916)
128,37,tensor(46.7805),tensor(9.9947)
128,38,tensor(51.3591),tensor(10.0495)
128,39,tensor(128.1434),tensor(90.5264)
128,40,tensor(62.1969),tensor(59.4292)
128,41,tensor(167.4412),tensor(59.7428)
128,42,tensor(120.7752),tensor(61.3795)
128,43,tensor(134.8304),tensor(92.5000)
128,44,tensor(167.4639),tensor(106.3956)
129,1,tensor(135.9009),tensor(92.5000)
129,2,tensor(139.7397),tensor(29.9142)
13,1,tensor(128.6042),tensor(50.7533)
13,2,tensor(142.1176),tensor(93.7277)
13,3,tensor(78.0201),tensor(172.3287)
13,4,tensor(170.4399),tensor(135.9500)
13,5,tensor(97.4243),tensor(106.1472)
13,6,tensor(249.6966),tensor(174.3858)
13,7,tensor(258.8266),tensor(143.0707)
13,8,tensor(49.2663),tensor(160.8481)
130,1,tensor(113.9688),tensor(87.2782)
130,2,tensor(149.3550),tensor(85.0829)
130,3,tensor(93.5728),tensor(137.1534)
130,4,tensor(170.4027),tensor(127.8660)
130,5,tensor(9.7579),tensor(150.8294)
130,6,tensor(263.3544),tensor(163.4868)
130,7,tensor(245.0956),tensor(148.8435)
131,1,tensor(199.5362),tensor(39.9247)
132,1,tensor(205.4833),tensor(110.1124)
132,2,tensor(147.0626),tensor(105.1847)
132,3,tensor(53.5759),tensor(97.9337)
132,4,tensor(85.1300),tensor(163.2577)
133,1,tensor(117.1606),tensor(68.5912)
133,2,tensor(130.9463),tensor(128.0312)
133,3,tensor(165.2431),tensor(68.8280)
133,4,tensor(134.3360),tensor(91.8966)
133,5,tensor(106.3519),tensor(116.0612)
133,6,tensor(130.0006),tensor(125.7867)
134,1,tensor(218.0454),tensor(95.8784)
134,2,tensor(50.5335),tensor(92.8397)
134,3,tensor(159.9019),tensor(130.3616)
134,4,tensor(142.1522),tensor(98.3480)
134,5,tensor(97.7971),tensor(99.3251)
134,6,tensor(40.7753),tensor(33.6687)
134,7,tensor(139.8008),tensor(16.0751)
134,8,tensor(98.0886),tensor(79.2054)
135,1,tensor(246.4147),tensor(78.3540)
135,2,tensor(215.9058),tensor(125.1057)
135,3,tensor(131.1810),tensor(18.5226)
135,4,tensor(147.5799),tensor(100.3001)
135,5,tensor(118.7760),tensor(105.4058)
136,1,tensor(251.1818),tensor(84.7293)
136,2,tensor(227.6164),tensor(58.0333)
136,3,tensor(118.6837),tensor(166.8734)
136,4,tensor(251.4311),tensor(136.5295)
136,5,tensor(238.5556),tensor(165.0361)
136,6,tensor(111.5696),tensor(91.7759)
137,1,tensor(170.5909),tensor(46.4567)
137,2,tensor(150.5911),tensor(139.7303)
138,1,tensor(164.3463),tensor(32.4095)
138,2,tensor(96.9884),tensor(98.9864)
138,3,tensor(90.2551),tensor(43.2882)
138,4,tensor(126.1502),tensor(140.2779)
138,5,tensor(90.2551),tensor(171.3865)
139,1,tensor(179.3350),tensor(126.0363)
139,2,tensor(85.1989),tensor(82.4432)
139,3,tensor(217.3244),tensor(126.5851)
139,4,tensor(226.5788),tensor(142.1441)
139,5,tensor(97.5193),tensor(155.7831)
14,1,tensor(112.0136),tensor(40.4890)
14,2,tensor(143.2554),tensor(105.6589)
14,3,tensor(129.1526),tensor(72.2114)
14,4,tensor(81.0083),tensor(32.0410)
14,5,tensor(109.5298),tensor(67.3272)
14,6,tensor(80.3338),tensor(113.6811)
14,7,tensor(136.6118),tensor(119.9150)
14,8,tensor(243.6216),tensor(4.7166)
14,9,tensor(107.0887),tensor(71.5742)
14,10,tensor(98.2327),tensor(6.6525)
14,11,tensor(127.9293),tensor(154.1739)
14,12,tensor(102.0462),tensor(80.9432)
14,13,tensor(146.1629),tensor(153.3088)
14,14,tensor(95.7531),tensor(5.9957)
140,1,tensor(110.5464),tensor(36.7805)
140,2,tensor(48.4284),tensor(70.8538)
140,3,tensor(98.4184),tensor(150.1350)
140,4,tensor(86.4234),tensor(113.8950)
140,5,tensor(153.7534),tensor(48.7347)
140,6,tensor(13.7766),tensor(172.8783)
140,7,tensor(255.8658),tensor(126.1841)
140,8,tensor(158.9957),tensor(102.5294)
140,9,tensor(178.5145),tensor(11.9960)
140,10,tensor(261.0609),tensor(163.2811)
140,11,tensor(215.9603),tensor(162.6874)
140,12,tensor(144.5927),tensor(102.0847)
140,13,tensor(131.0480),tensor(95.5361)
140,14,tensor(141.0659),tensor(176.8839)
140,15,tensor(195.3755),tensor(175.5555)
141,1,tensor(220.8279),tensor(152.7579)
141,2,tensor(39.4820),tensor(20.9141)
141,3,tensor(188.9584),tensor(133.3739)
141,4,tensor(36.6741),tensor(6.1101)
141,5,tensor(70.4490),tensor(20.6339)
141,6,tensor(71.0093),tensor(28.8569)
141,7,tensor(59.7574),tensor(157.3193)
141,8,tensor(51.9617),tensor(137.3381)
141,9,tensor(194.0532),tensor(154.3817)
141,10,tensor(107.6406),tensor(21.5209)
141,11,tensor(43.3330),tensor(153.8717)
141,12,tensor(193.9468),tensor(146.3790)
141,13,tensor(173.5657),tensor(36.4900)
141,14,tensor(30.3120),tensor(6.0886)
141,15,tensor(45.2515),tensor(155.0903)
141,16,tensor(260.5688),tensor(152.3397)
141,17,tensor(63.8343),tensor(90.3223)
141,18,tensor(61.8912),tensor(86.3392)
142,1,tensor(64.9991),tensor(65.2766)
142,2,tensor(118.9588),tensor(19.9994)
142,3,tensor(192.6688),tensor(7.7736)
142,4,tensor(168.6024),tensor(32.5822)
142,5,tensor(143.1869),tensor(31.0391)
142,6,tensor(52.8134),tensor(17.7950)
142,7,tensor(199.4045),tensor(42.6911)
142,8,tensor(73.8604),tensor(17.5452)
142,9,tensor(188.6677),tensor(73.6632)
142,10,tensor(27.1083),tensor(94.5183)
142,11,tensor(105.4246),tensor(35.7866)
142,12,tensor(208.1718),tensor(15.0833)
142,13,tensor(226.6304),tensor(118.2203)
142,14,tensor(194.4385),tensor(94.9359)
142,15,tensor(32.2204),tensor(27.1624)
142,16,tensor(223.2547),tensor(11.3718)
142,17,tensor(159.1400),tensor(3.3891)
142,18,tensor(249.6367),tensor(159.8599)
142,19,tensor(5.0113),tensor(114.1651)
142,20,tensor(229.1687),tensor(134.1361)
142,21,tensor(246.3760),tensor(130.6537)
142,22,tensor(168.4452),tensor(156.8614)
142,23,tensor(164.6898),tensor(87.3679)
142,24,tensor(246.2388),tensor(117.4880)
142,25,tensor(232.9140),tensor(104.4191)
142,26,tensor(208.6502),tensor(70.9478)
142,27,tensor(177.2291),tensor(107.8792)
142,28,tensor(221.0957),tensor(76.7085)
142,29,tensor(140.2277),tensor(32.5821)
142,30,tensor(252.8323),tensor(29.5594)
142,31,tensor(6.5256),tensor(115.5926)
143,1,tensor(202.0479),tensor(65.3242)
143,2,tensor(139.4946),tensor(92.5000)
143,3,tensor(177.1247),tensor(59.8513)
143,4,tensor(254.6458),tensor(89.0762)
143,5,tensor(138.1055),tensor(73.6574)
143,6,tensor(176.8782),tensor(74.0178)
143,7,tensor(265.6741),tensor(66.7322)
143,8,tensor(239.7580),tensor(116.5284)
144,1,tensor(181.2787),tensor(75.5247)
144,2,tensor(184.3619),tensor(117.7008)
144,3,tensor(145.3492),tensor(122.9138)
144,4,tensor(104.0122),tensor(102.1838)
144,5,tensor(115.4153),tensor(101.2217)
146,1,tensor(41.7112),tensor(85.3893)
146,2,tensor(33.9251),tensor(156.8331)
146,3,tensor(62.9732),tensor(80.0649)
146,4,tensor(13.3944),tensor(34.3285)
146,5,tensor(28.6161),tensor(176.3242)
146,6,tensor(19.5499),tensor(84.0531)
146,7,tensor(71.8926),tensor(124.7969)
146,8,tensor(45.4425),tensor(115.9087)
146,9,tensor(53.8360),tensor(123.3197)
147,1,tensor(246.2555),tensor(22.1045)
147,2,tensor(217.9732),tensor(105.8607)
147,3,tensor(157.3745),tensor(128.9559)
147,4,tensor(220.7142),tensor(80.5093)
147,5,tensor(129.0112),tensor(70.0974)
147,6,tensor(133.9994),tensor(28.2203)
147,7,tensor(141.3226),tensor(139.1145)
147,8,tensor(54.0415),tensor(65.1789)
147,9,tensor(243.3447),tensor(38.0104)
147,10,tensor(232.1455),tensor(144.6645)
147,11,tensor(166.2112),tensor(97.2242)
147,12,tensor(92.0639),tensor(86.5227)
147,13,tensor(36.2787),tensor(72.7089)
147,14,tensor(16.5644),tensor(108.5639)
147,15,tensor(126.9393),tensor(94.1874)
147,16,tensor(21.3533),tensor(69.6470)
147,17,tensor(228.8932),tensor(126.2240)
147,18,tensor(62.2130),tensor(42.0433)
147,19,tensor(59.3730),tensor(78.4156)
147,20,tensor(169.5151),tensor(48.7602)
147,21,tensor(93.4832),tensor(29.6707)
147,22,tensor(253.9494),tensor(6.4461)
147,23,tensor(40.2723),tensor(105.4546)
147,24,tensor(43.7657),tensor(46.0758)
147,25,tensor(23.5028),tensor(18.2998)
147,26,tensor(263.5056),tensor(126.0713)
147,27,tensor(87.4295),tensor(5.6774)
147,28,tensor(48.7149),tensor(36.1109)
147,29,tensor(74.7297),tensor(63.2648)
147,30,tensor(161.5300),tensor(28.1702)
147,31,tensor(83.3268),tensor(41.4111)
147,32,tensor(89.0622),tensor(7.0516)
147,33,tensor(95.1517),tensor(33.7243)
147,34,tensor(175.8977),tensor(136.8155)
147,35,tensor(123.1804),tensor(50.6793)
147,36,tensor(67.1348),tensor(125.1924)
148,1,tensor(130.4605),tensor(75.9124)
148,2,tensor(220.6686),tensor(93.6866)
148,3,tensor(46.0436),tensor(85.4621)
148,4,tensor(177.8130),tensor(126.1242)
148,5,tensor(147.6588),tensor(104.7295)
148,6,tensor(142.7305),tensor(104.9065)
148,7,tensor(245.1985),tensor(157.0249)
149,1,tensor(31.7730),tensor(138.8233)
149,2,tensor(126.1342),tensor(49.6045)
149,3,tensor(73.7413),tensor(17.3357)
149,4,tensor(92.9252),tensor(54.7654)
149,5,tensor(19.4209),tensor(96.5756)
149,6,tensor(159.7378),tensor(18.4141)
149,7,tensor(33.7004),tensor(91.1403)
149,8,tensor(27.4316),tensor(113.2177)
149,9,tensor(13.4438),tensor(119.6424)
149,10,tensor(67.3498),tensor(92.0319)
149,11,tensor(33.9889),tensor(166.5111)
149,12,tensor(172.5312),tensor(62.0125)
149,13,tensor(129.2444),tensor(84.0167)
149,14,tensor(62.9653),tensor(91.5458)
149,15,tensor(6.7737),tensor(95.6091)
15,1,tensor(40.1280),tensor(157.3356)
15,2,tensor(15.8319),tensor(34.5526)
15,3,tensor(48.9880),tensor(86.3970)
15,4,tensor(73.2781),tensor(80.7553)
15,5,tensor(32.2011),tensor(176.8346)
15,6,tensor(85.2453),tensor(125.0842)
15,7,tensor(23.0974),tensor(83.7414)
15,8,tensor(62.6705),tensor(122.8410)
151,1,tensor(101.8932),tensor(83.4818)
151,2,tensor(185.7272),tensor(91.5882)
152,1,tensor(227.0923),tensor(98.6137)
152,2,tensor(124.1055),tensor(70.4806)
152,3,tensor(65.2413),tensor(60.2551)
152,4,tensor(25.8336),tensor(134.0846)
152,5,tensor(156.1866),tensor(111.0636)
152,6,tensor(207.9155),tensor(133.8885)
152,7,tensor(254.3284),tensor(107.4451)
152,8,tensor(45.1011),tensor(103.9255)
152,9,tensor(227.2852),tensor(164.5048)
152,10,tensor(93.4839),tensor(161.6539)
152,11,tensor(191.3562),tensor(25.0831)
152,12,tensor(87.4962),tensor(119.6123)
152,13,tensor(96.7749),tensor(121.2600)
152,14,tensor(244.3198),tensor(16.7759)
152,15,tensor(243.9413),tensor(48.5759)
153,1,tensor(207.2526),tensor(109.6111)
153,2,tensor(149.7619),tensor(105.3588)
153,3,tensor(55.3501),tensor(97.6965)
154,1,tensor(51.2598),tensor(92.0767)
154,2,tensor(220.9547),tensor(95.3491)
154,3,tensor(143.1588),tensor(97.5947)
154,4,tensor(98.6971),tensor(99.6265)
154,5,tensor(161.8220),tensor(131.3056)
154,6,tensor(41.9941),tensor(33.3798)
154,7,tensor(100.2285),tensor(74.9067)
155,1,tensor(179.9383),tensor(87.7329)
155,2,tensor(47.8192),tensor(90.0673)
155,3,tensor(191.7179),tensor(104.2201)
156,1,tensor(177.7548),tensor(69.5934)
158,1,tensor(177.0649),tensor(131.6057)
158,2,tensor(75.2313),tensor(86.2382)
159,1,tensor(205.5946),tensor(37.9703)
159,2,tensor(76.3805),tensor(23.0071)
159,3,tensor(154.5906),tensor(159.0831)
159,4,tensor(176.7903),tensor(96.9525)
159,5,tensor(164.5771),tensor(62.7517)
16,1,tensor(19.1446),tensor(173.6134)
16,2,tensor(169.9721),tensor(35.7134)
16,3,tensor(162.2409),tensor(94.2415)
16,4,tensor(179.7104),tensor(121.4389)
16,5,tensor(137.1314),tensor(116.9586)
16,6,tensor(64.0345),tensor(134.8210)
16,7,tensor(7.5879),tensor(129.8050)
16,8,tensor(200.9989),tensor(175.5961)
16,9,tensor(235.0372),tensor(12.6395)
16,10,tensor(239.7082),tensor(141.0588)
16,11,tensor(213.4248),tensor(141.3242)
16,12,tensor(113.8387),tensor(13.5454)
16,13,tensor(8.1566),tensor(123.5888)
160,1,tensor(75.0592),tensor(20.4061)
160,2,tensor(128.8093),tensor(32.6070)
160,3,tensor(29.4581),tensor(91.3792)
160,4,tensor(129.9149),tensor(72.9606)
160,5,tensor(116.8734),tensor(47.5316)
160,6,tensor(46.4044),tensor(96.8507)
160,7,tensor(52.7392),tensor(51.0153)
160,8,tensor(16.2822),tensor(117.3416)
160,9,tensor(42.2386),tensor(122.0480)
161,1,tensor(56.4682),tensor(123.9520)
161,2,tensor(163.6076),tensor(114.9674)
161,3,tensor(81.1816),tensor(51.3978)
161,4,tensor(221.6028),tensor(40.3941)
161,5,tensor(224.0633),tensor(129.6891)
161,6,tensor(124.1997),tensor(100.2155)
161,7,tensor(99.5247),tensor(155.2151)
161,8,tensor(119.0723),tensor(27.2344)
161,9,tensor(259.3660),tensor(175.7762)
161,10,tensor(56.0559),tensor(32.7874)
162,1,tensor(48.7884),tensor(71.2258)
162,2,tensor(110.4790),tensor(36.8047)
162,3,tensor(98.5812),tensor(150.1319)
162,4,tensor(86.5701),tensor(114.2814)
162,5,tensor(153.3390),tensor(48.4248)
162,6,tensor(214.1179),tensor(162.5053)
162,7,tensor(14.6193),tensor(171.9348)
162,8,tensor(158.3964),tensor(101.5949)
162,9,tensor(177.7028),tensor(11.1859)
162,10,tensor(254.2440),tensor(126.2169)
162,11,tensor(259.6826),tensor(161.5504)
162,12,tensor(15.4152),tensor(167.3598)
162,13,tensor(194.0609),tensor(175.7172)
162,14,tensor(129.7249),tensor(96.1616)
162,15,tensor(141.1878),tensor(176.6865)
163,1,tensor(45.3769),tensor(93.7904)
163,2,tensor(239.5280),tensor(137.3460)
163,3,tensor(62.2048),tensor(162.6886)
163,4,tensor(95.5308),tensor(104.8255)
163,5,tensor(192.9410),tensor(102.8186)
163,6,tensor(93.4682),tensor(45.0910)
163,7,tensor(133.8110),tensor(72.2996)
163,8,tensor(261.2505),tensor(103.1212)
163,9,tensor(260.6052),tensor(92.0328)
164,1,tensor(243.1765),tensor(96.6908)
164,2,tensor(175.3730),tensor(115.0133)
164,3,tensor(42.9545),tensor(174.3894)
165,1,tensor(134.7587),tensor(92.5000)
166,1,tensor(122.3854),tensor(92.5000)
166,2,tensor(213.5492),tensor(61.9244)
166,3,tensor(166.1514),tensor(85.8783)
167,1,tensor(133.8872),tensor(109.4711)
168,1,tensor(253.1641),tensor(22.0388)
168,2,tensor(226.8830),tensor(80.3976)
168,3,tensor(35.4514),tensor(72.7887)
168,4,tensor(239.1073),tensor(144.2453)
168,5,tensor(160.8239),tensor(128.6619)
168,6,tensor(131.7482),tensor(70.3095)
168,7,tensor(223.8272),tensor(105.8338)
168,8,tensor(93.0207),tensor(86.8769)
168,9,tensor(20.0992),tensor(69.6689)
168,10,tensor(53.3453),tensor(65.3959)
168,11,tensor(250.0578),tensor(37.8808)
168,12,tensor(144.1836),tensor(139.4725)
168,13,tensor(14.4167),tensor(107.6569)
168,14,tensor(261.3691),tensor(110.3704)
168,15,tensor(128.6474),tensor(94.7084)
168,16,tensor(235.0878),tensor(126.1599)
168,17,tensor(40.1945),tensor(106.2089)
168,18,tensor(67.0462),tensor(125.6338)
168,19,tensor(170.2338),tensor(97.6877)
168,20,tensor(137.2729),tensor(28.4155)
168,21,tensor(42.7374),tensor(45.6892)
168,22,tensor(58.9819),tensor(78.4104)
168,23,tensor(89.9111),tensor(5.9635)
168,24,tensor(257.3751),tensor(6.6174)
168,25,tensor(58.0841),tensor(36.3538)
168,26,tensor(171.5446),tensor(100.3101)
168,27,tensor(50.5256),tensor(36.1430)
168,28,tensor(61.5450),tensor(41.1557)
168,29,tensor(22.9817),tensor(18.9780)
168,30,tensor(97.3774),tensor(34.3384)
168,31,tensor(74.7301),tensor(63.0877)
168,32,tensor(231.6820),tensor(123.8299)
168,33,tensor(95.8164),tensor(29.5446)
169,1,tensor(203.6030),tensor(118.2371)
169,2,tensor(68.8646),tensor(39.9378)
169,3,tensor(103.9065),tensor(103.7394)
169,4,tensor(164.8255),tensor(169.6617)
17,1,tensor(42.2927),tensor(128.0255)
17,2,tensor(119.8266),tensor(77.2626)
17,3,tensor(91.3791),tensor(94.9268)
17,4,tensor(124.1775),tensor(92.2908)
17,5,tensor(129.6469),tensor(117.2434)
17,6,tensor(171.7134),tensor(120.6394)
17,7,tensor(120.7233),tensor(81.8694)
17,8,tensor(222.3315),tensor(118.3974)
17,9,tensor(88.2097),tensor(174.6357)
170,1,tensor(174.8252),tensor(99.8604)
170,2,tensor(78.7111),tensor(122.4427)
171,1,tensor(126.7549),tensor(74.7470)
171,2,tensor(92.4611),tensor(133.1253)
171,3,tensor(221.1415),tensor(99.5278)
172,1,tensor(75.0220),tensor(113.0307)
172,2,tensor(178.7746),tensor(68.2523)
172,3,tensor(128.5950),tensor(84.9534)
172,4,tensor(111.9337),tensor(134.3860)
172,5,tensor(181.7341),tensor(103.0107)
172,6,tensor(134.6374),tensor(52.6247)
173,1,tensor(175.0935),tensor(129.9713)
173,2,tensor(70.7667),tensor(86.0580)
174,1,tensor(246.2671),tensor(26.0270)
174,2,tensor(130.9458),tensor(115.8273)
174,3,tensor(198.4854),tensor(29.9858)
174,4,tensor(63.6912),tensor(96.7599)
174,5,tensor(237.4792),tensor(40.0058)
174,6,tensor(203.8085),tensor(6.8339)
175,1,tensor(206.9020),tensor(36.0378)
175,2,tensor(168.7283),tensor(91.9310)
175,3,tensor(75.0946),tensor(22.7566)
175,4,tensor(155.7800),tensor(155.0993)
175,5,tensor(185.8659),tensor(55.2103)
176,1,tensor(43.8507),tensor(123.3328)
176,2,tensor(70.1602),tensor(51.7261)
176,3,tensor(156.9931),tensor(114.8593)
176,4,tensor(220.3825),tensor(129.9525)
176,5,tensor(218.6721),tensor(41.0231)
176,6,tensor(90.7026),tensor(153.8542)
176,7,tensor(109.9256),tensor(27.6324)
176,8,tensor(115.5346),tensor(100.5196)
176,9,tensor(256.7099),tensor(175.4347)
176,10,tensor(44.2353),tensor(32.7510)
177,1,tensor(111.7776),tensor(91.3225)
177,2,tensor(129.9660),tensor(116.8490)
177,3,tensor(189.5708),tensor(95.9075)
177,4,tensor(212.3293),tensor(99.6283)
177,5,tensor(19.0658),tensor(105.4062)
177,6,tensor(132.0141),tensor(79.4552)
177,7,tensor(193.6466),tensor(42.7260)
177,8,tensor(186.8581),tensor(76.2231)
177,9,tensor(81.2797),tensor(86.3112)
177,10,tensor(193.9043),tensor(47.9086)
178,1,tensor(136.9588),tensor(32.1702)
178,2,tensor(31.4725),tensor(90.8675)
178,3,tensor(80.0881),tensor(20.2676)
178,4,tensor(138.0266),tensor(73.2432)
178,5,tensor(56.6847),tensor(51.4405)
178,6,tensor(123.7209),tensor(48.1411)
178,7,tensor(49.1929),tensor(96.8558)
178,8,tensor(21.4354),tensor(117.7053)
178,9,tensor(47.7317),tensor(122.3532)
18,1,tensor(61.1686),tensor(103.1580)
18,2,tensor(77.9420),tensor(128.1964)
18,3,tensor(128.5286),tensor(89.2612)
18,4,tensor(8.9163),tensor(169.9135)
180,1,tensor(240.5847),tensor(96.2650)
180,2,tensor(172.5633),tensor(115.4230)
180,3,tensor(45.1699),tensor(174.6766)
180,4,tensor(186.9379),tensor(58.7565)
180,5,tensor(118.3334),tensor(121.7901)
181,1,tensor(125.0530),tensor(103.8443)
181,2,tensor(234.1649),tensor(116.8936)
181,3,tensor(81.0223),tensor(42.6137)
181,4,tensor(202.1475),tensor(168.8499)
181,5,tensor(14.1818),tensor(107.2875)
183,1,tensor(132.3914),tensor(82.4914)
183,2,tensor(65.0821),tensor(113.8260)
183,3,tensor(195.0233),tensor(66.3079)
183,4,tensor(110.2784),tensor(129.6100)
183,5,tensor(199.1963),tensor(102.4053)
183,6,tensor(140.8533),tensor(53.1240)
183,7,tensor(196.8448),tensor(83.6685)
184,1,tensor(222.8934),tensor(81.0690)
184,2,tensor(183.9954),tensor(128.7888)
184,3,tensor(143.0281),tensor(73.4222)
184,4,tensor(93.7100),tensor(106.0250)
184,5,tensor(197.8047),tensor(135.6879)
184,6,tensor(81.3202),tensor(121.8991)
184,7,tensor(110.8113),tensor(76.7132)
185,1,tensor(183.6490),tensor(97.4504)
186,1,tensor(107.4874),tensor(39.1713)
186,2,tensor(97.4318),tensor(42.0289)
186,3,tensor(151.7863),tensor(40.6808)
187,1,tensor(36.3355),tensor(101.1786)
187,2,tensor(197.9492),tensor(35.7450)
187,3,tensor(11.3007),tensor(108.1516)
187,4,tensor(114.5745),tensor(27.7136)
187,5,tensor(80.9208),tensor(69.0535)
187,6,tensor(157.0359),tensor(76.2243)
187,7,tensor(166.0871),tensor(46.1271)
187,8,tensor(208.0741),tensor(68.2734)
187,9,tensor(227.9370),tensor(86.3432)
187,10,tensor(246.6042),tensor(65.0447)
187,11,tensor(262.9305),tensor(57.5703)
187,12,tensor(236.7746),tensor(108.1262)
187,13,tensor(164.9984),tensor(8.0353)
187,14,tensor(36.3389),tensor(138.7168)
187,15,tensor(121.2111),tensor(74.4507)
187,16,tensor(8.6991),tensor(140.4534)
188,1,tensor(98.0155),tensor(36.9781)
188,2,tensor(123.6037),tensor(88.5418)
188,3,tensor(144.1641),tensor(44.2237)
188,4,tensor(165.4692),tensor(108.0898)
189,1,tensor(117.4569),tensor(48.6361)
19,1,tensor(122.3458),tensor(92.5000)
19,2,tensor(210.8450),tensor(56.7337)
190,1,tensor(134.2177),tensor(115.6393)
190,2,tensor(246.6040),tensor(26.2026)
190,3,tensor(199.0414),tensor(30.8586)
190,4,tensor(66.6304),tensor(97.2157)
190,5,tensor(237.9720),tensor(39.3909)
190,6,tensor(204.6805),tensor(5.8424)
192,1,tensor(133.3038),tensor(90.8085)
192,2,tensor(253.9141),tensor(92.3278)
192,3,tensor(56.2397),tensor(104.7396)
192,4,tensor(54.1327),tensor(66.7377)
193,1,tensor(134.8466),tensor(92.5000)
193,2,tensor(154.2215),tensor(104.7224)
194,1,tensor(135.4833),tensor(92.5000)
194,2,tensor(18.0513),tensor(72.3090)
194,3,tensor(40.6518),tensor(115.2453)
194,4,tensor(265.6682),tensor(137.8386)
195,1,tensor(94.9285),tensor(37.9049)
195,2,tensor(119.5325),tensor(86.6150)
195,3,tensor(143.4243),tensor(43.3486)
195,4,tensor(165.5941),tensor(105.4483)
198,1,tensor(135.4833),tensor(92.5000)
198,2,tensor(18.0513),tensor(72.3090)
198,3,tensor(40.6518),tensor(115.2453)
198,4,tensor(265.6682),tensor(137.8386)
2,1,tensor(97.6389),tensor(92.7518)
2,2,tensor(214.3272),tensor(47.2501)
2,3,tensor(192.9478),tensor(76.0626)
20,1,tensor(138.1288),tensor(82.6939)
20,2,tensor(87.2987),tensor(87.9563)
20,3,tensor(67.0827),tensor(138.4086)
20,4,tensor(103.3749),tensor(63.3787)
20,5,tensor(180.7661),tensor(93.5269)
20,6,tensor(254.5682),tensor(31.8725)
20,7,tensor(133.5345),tensor(51.7266)
20,8,tensor(265.0138),tensor(173.1145)
21,1,tensor(67.0980),tensor(14.2054)
21,2,tensor(161.9265),tensor(15.6705)
21,3,tensor(209.4857),tensor(115.0059)
21,4,tensor(207.8787),tensor(71.9618)
21,5,tensor(142.4623),tensor(28.9270)
21,6,tensor(89.9441),tensor(59.8312)
21,7,tensor(219.4655),tensor(12.2846)
21,8,tensor(259.8390),tensor(110.5181)
21,9,tensor(97.3202),tensor(44.3374)
21,10,tensor(126.8123),tensor(14.2534)
21,11,tensor(125.5997),tensor(47.0134)
21,12,tensor(16.3640),tensor(10.6678)
21,13,tensor(128.9833),tensor(71.2190)
21,14,tensor(42.5684),tensor(68.4036)
21,15,tensor(211.3525),tensor(45.8126)
21,16,tensor(185.2922),tensor(73.1733)
21,17,tensor(5.0940),tensor(120.9744)
21,18,tensor(151.8482),tensor(6.1425)
21,19,tensor(245.4064),tensor(106.1780)
21,20,tensor(167.0317),tensor(115.8750)
21,21,tensor(79.6225),tensor(77.8338)
21,22,tensor(266.0151),tensor(9.2260)
21,23,tensor(194.1400),tensor(56.1444)
21,24,tensor(76.1739),tensor(90.8605)
21,25,tensor(164.2010),tensor(63.2272)
21,26,tensor(11.2001),tensor(70.6515)
21,27,tensor(154.0060),tensor(46.3527)
21,28,tensor(105.2991),tensor(11.9039)
21,29,tensor(130.3530),tensor(113.7232)
21,30,tensor(164.3722),tensor(113.7135)
21,31,tensor(3.6860),tensor(55.0715)
21,32,tensor(249.4827),tensor(7.0775)
21,33,tensor(244.0838),tensor(157.9261)
21,34,tensor(216.9266),tensor(9.5058)
21,35,tensor(231.0223),tensor(161.3293)
21,36,tensor(33.3974),tensor(80.0223)
21,37,tensor(257.3993),tensor(145.5636)
21,38,tensor(110.7781),tensor(25.2878)
21,39,tensor(177.1412),tensor(37.5731)
21,40,tensor(250.8175),tensor(5.7032)
22,1,tensor(87.0934),tensor(73.6554)
22,2,tensor(47.6872),tensor(111.7306)
22,3,tensor(148.4374),tensor(35.3208)
22,4,tensor(86.6926),tensor(15.1010)
22,5,tensor(258.6367),tensor(14.5744)
22,6,tensor(10.7074),tensor(117.7089)
22,7,tensor(77.6151),tensor(102.3855)
22,8,tensor(196.0219),tensor(104.2271)
22,9,tensor(104.9879),tensor(121.9255)
22,10,tensor(147.6013),tensor(121.2686)
22,11,tensor(88.5047),tensor(142.4399)
22,12,tensor(180.3475),tensor(102.4245)
22,13,tensor(206.8177),tensor(123.4228)
22,14,tensor(207.2274),tensor(124.4832)
22,15,tensor(236.8388),tensor(7.6175)
22,16,tensor(156.3120),tensor(14.1588)
22,17,tensor(197.2841),tensor(40.6980)
22,18,tensor(204.3847),tensor(122.5020)
22,19,tensor(233.3813),tensor(109.2443)
23,1,tensor(174.2803),tensor(111.3525)
23,2,tensor(18.3628),tensor(68.0983)
24,1,tensor(135.1413),tensor(88.8696)
24,2,tensor(171.1650),tensor(66.6026)
24,3,tensor(140.7189),tensor(21.2826)
24,4,tensor(80.9849),tensor(56.5990)
24,5,tensor(123.4735),tensor(123.3915)
24,6,tensor(181.8520),tensor(108.4882)
24,7,tensor(244.2427),tensor(140.3534)
24,8,tensor(259.8056),tensor(107.6009)
24,9,tensor(70.7923),tensor(31.5082)
24,10,tensor(117.4954),tensor(95.1120)
24,11,tensor(198.6210),tensor(91.0011)
24,12,tensor(150.9732),tensor(51.1986)
24,13,tensor(262.0560),tensor(151.8659)
24,14,tensor(139.5224),tensor(138.1597)
24,15,tensor(190.2323),tensor(6.0836)
24,16,tensor(256.8656),tensor(6.7186)
24,17,tensor(6.1832),tensor(78.2511)
24,18,tensor(41.3924),tensor(6.4139)
24,19,tensor(115.2896),tensor(39.5636)
24,20,tensor(67.2296),tensor(52.3279)
24,21,tensor(76.8611),tensor(104.5506)
24,22,tensor(242.8851),tensor(76.9191)
24,23,tensor(113.2581),tensor(17.7550)
25,1,tensor(36.1991),tensor(72.7193)
25,2,tensor(246.3480),tensor(21.8583)
25,3,tensor(157.5004),tensor(129.0572)
25,4,tensor(220.9149),tensor(80.5006)
25,5,tensor(218.0431),tensor(106.2608)
25,6,tensor(21.1778),tensor(70.0994)
25,7,tensor(232.6186),tensor(144.4833)
25,8,tensor(128.8268),tensor(70.4487)
25,9,tensor(165.8447),tensor(97.0126)
25,10,tensor(53.8459),tensor(65.2051)
25,11,tensor(133.7177),tensor(27.3381)
25,12,tensor(92.1729),tensor(86.8646)
25,13,tensor(243.5509),tensor(37.9269)
25,14,tensor(141.6534),tensor(139.1805)
25,15,tensor(228.7335),tensor(126.3112)
25,16,tensor(263.5147),tensor(126.3290)
25,17,tensor(175.0910),tensor(137.2318)
25,18,tensor(40.2772),tensor(106.6887)
25,19,tensor(23.7004),tensor(17.2905)
25,20,tensor(253.3361),tensor(110.3110)
25,21,tensor(17.0028),tensor(108.4084)
25,22,tensor(61.5436),tensor(41.6217)
25,23,tensor(254.0627),tensor(6.4175)
25,24,tensor(243.1608),tensor(68.4444)
25,25,tensor(88.7814),tensor(5.6144)
25,26,tensor(170.4159),tensor(48.2495)
25,27,tensor(43.9086),tensor(46.1696)
25,28,tensor(74.7138),tensor(62.8426)
25,29,tensor(93.9197),tensor(28.2314)
25,30,tensor(83.2315),tensor(41.8519)
25,31,tensor(126.3729),tensor(95.3706)
25,32,tensor(59.3442),tensor(78.8836)
25,33,tensor(96.0732),tensor(34.2883)
25,34,tensor(47.6336),tensor(36.3792)
26,1,tensor(93.5400),tensor(125.3042)
26,2,tensor(235.6100),tensor(68.7899)
26,3,tensor(70.3090),tensor(112.3374)
26,4,tensor(201.2263),tensor(26.6670)
26,5,tensor(137.5235),tensor(105.6145)
26,6,tensor(265.0943),tensor(114.7015)
26,7,tensor(234.2277),tensor(73.5787)
26,8,tensor(198.1263),tensor(47.6016)
26,9,tensor(228.6731),tensor(84.8747)
27,1,tensor(72.4597),tensor(41.6924)
27,2,tensor(201.2117),tensor(69.1238)
27,3,tensor(70.9537),tensor(105.4871)
27,4,tensor(121.9026),tensor(148.9147)
27,5,tensor(227.0442),tensor(95.7977)
28,1,tensor(115.8937),tensor(96.9523)
29,1,tensor(171.4565),tensor(79.2395)
29,2,tensor(126.4775),tensor(111.3394)
3,1,tensor(203.3434),tensor(140.7913)
3,2,tensor(133.0991),tensor(91.3257)
3,3,tensor(38.4265),tensor(15.1436)
3,4,tensor(186.9862),tensor(85.0518)
3,5,tensor(7.4095),tensor(71.2934)
3,6,tensor(233.8710),tensor(175.4671)
3,7,tensor(10.3437),tensor(174.6832)
3,8,tensor(148.3114),tensor(169.6262)
3,9,tensor(97.7071),tensor(65.0971)
3,10,tensor(51.2888),tensor(179.1813)
3,11,tensor(6.8145),tensor(32.3381)
3,12,tensor(44.8894),tensor(156.8816)
30,1,tensor(141.3018),tensor(73.7858)
30,2,tensor(139.1127),tensor(92.5000)
30,3,tensor(179.3105),tensor(58.7244)
30,4,tensor(255.4575),tensor(89.2520)
30,5,tensor(204.4617),tensor(64.6009)
30,6,tensor(170.1092),tensor(39.1837)
30,7,tensor(163.0757),tensor(76.5295)
30,8,tensor(256.6418),tensor(108.4754)
30,9,tensor(265.6945),tensor(67.1005)
30,10,tensor(179.3940),tensor(4.7509)
30,11,tensor(179.0594),tensor(74.2283)
31,1,tensor(162.8256),tensor(115.0242)
31,2,tensor(31.7325),tensor(35.6166)
31,3,tensor(123.7850),tensor(88.8289)
31,4,tensor(165.2152),tensor(166.5773)
31,5,tensor(57.8737),tensor(62.8462)
31,6,tensor(85.4235),tensor(98.1729)
31,7,tensor(83.6481),tensor(124.6061)
31,8,tensor(234.8327),tensor(72.3119)
31,9,tensor(205.0871),tensor(68.6371)
32,1,tensor(188.4134),tensor(141.1727)
32,2,tensor(55.1564),tensor(39.6281)
32,3,tensor(234.9245),tensor(159.4725)
32,4,tensor(105.2239),tensor(21.0476)
32,5,tensor(152.8425),tensor(71.8264)
32,6,tensor(187.0269),tensor(81.3725)
32,7,tensor(165.6501),tensor(85.4642)
32,8,tensor(111.7910),tensor(90.3936)
32,9,tensor(208.3715),tensor(86.5318)
32,10,tensor(263.6120),tensor(163.1588)
32,11,tensor(184.9857),tensor(113.9967)
32,12,tensor(72.0890),tensor(63.5255)
32,13,tensor(234.6784),tensor(97.2076)
32,14,tensor(208.7186),tensor(161.0458)
32,15,tensor(147.6234),tensor(138.5577)
32,16,tensor(130.3737),tensor(90.5549)
33,1,tensor(251.1105),tensor(111.8009)
33,2,tensor(42.0644),tensor(70.7425)
33,3,tensor(84.5573),tensor(150.2578)
33,4,tensor(132.8496),tensor(47.9434)
33,5,tensor(94.4209),tensor(36.8617)
33,6,tensor(73.5690),tensor(114.3383)
33,7,tensor(12.5901),tensor(173.3877)
33,8,tensor(251.2776),tensor(150.3728)
33,9,tensor(221.0668),tensor(126.1560)
33,10,tensor(185.3677),tensor(162.8444)
33,11,tensor(124.3783),tensor(100.3889)
33,12,tensor(135.9771),tensor(102.3725)
33,13,tensor(237.7194),tensor(165.5509)
33,14,tensor(153.1293),tensor(10.7148)
33,15,tensor(259.6027),tensor(58.5304)
33,16,tensor(124.2720),tensor(177.1899)
33,17,tensor(113.7422),tensor(95.9766)
33,18,tensor(241.8159),tensor(161.2496)
33,19,tensor(123.9081),tensor(178.5825)
34,1,tensor(65.2654),tensor(53.3889)
34,2,tensor(194.0516),tensor(35.9573)
34,3,tensor(127.5154),tensor(97.2331)
34,4,tensor(119.8295),tensor(81.7702)
34,5,tensor(236.9208),tensor(5.4925)
34,6,tensor(226.4209),tensor(16.8485)
34,7,tensor(167.6039),tensor(83.9198)
34,8,tensor(54.9039),tensor(70.5962)
34,9,tensor(214.3132),tensor(38.5138)
34,10,tensor(45.6675),tensor(88.3902)
34,11,tensor(140.7730),tensor(55.2874)
34,12,tensor(27.3670),tensor(105.1063)
34,13,tensor(144.4851),tensor(95.5212)
34,14,tensor(113.1174),tensor(102.6664)
34,15,tensor(154.3544),tensor(20.6628)
34,16,tensor(229.7576),tensor(39.5073)
34,17,tensor(62.9237),tensor(95.3222)
34,18,tensor(45.0951),tensor(117.5162)
34,19,tensor(82.0817),tensor(75.5050)
34,20,tensor(189.9976),tensor(71.8106)
34,21,tensor(101.4011),tensor(128.6300)
34,22,tensor(28.0979),tensor(7.2609)
34,23,tensor(153.9032),tensor(72.6203)
34,24,tensor(237.4659),tensor(30.5077)
34,25,tensor(139.9158),tensor(34.1210)
34,26,tensor(131.7072),tensor(115.6829)
34,27,tensor(3.3227),tensor(83.7068)
34,28,tensor(24.6894),tensor(136.2932)
34,29,tensor(189.5105),tensor(112.5647)
34,30,tensor(177.3076),tensor(37.4465)
34,31,tensor(126.3173),tensor(50.1220)
34,32,tensor(38.6254),tensor(148.1804)
34,33,tensor(86.4516),tensor(31.5503)
34,34,tensor(6.5185),tensor(7.7245)
34,35,tensor(7.3559),tensor(132.2797)
34,36,tensor(98.8225),tensor(161.5007)
34,37,tensor(233.9991),tensor(123.5400)
34,38,tensor(3.7054),tensor(132.2462)
34,39,tensor(202.2788),tensor(146.8408)
34,40,tensor(4.8891),tensor(132.0544)
34,41,tensor(32.4770),tensor(122.7678)
35,1,tensor(121.9413),tensor(168.3405)
35,2,tensor(34.3576),tensor(143.7971)
35,3,tensor(50.8912),tensor(50.6588)
35,4,tensor(91.6198),tensor(77.6407)
35,5,tensor(217.9482),tensor(79.1128)
35,6,tensor(84.5217),tensor(131.8356)
35,7,tensor(50.5116),tensor(120.9544)
35,8,tensor(143.1577),tensor(94.1531)
35,9,tensor(83.2541),tensor(138.6852)
35,10,tensor(200.1233),tensor(100.6685)
35,11,tensor(192.5400),tensor(97.1679)
35,12,tensor(169.6628),tensor(150.6971)
35,13,tensor(81.9959),tensor(146.8343)
36,1,tensor(52.8648),tensor(102.8865)
36,2,tensor(71.8739),tensor(130.2414)
37,1,tensor(154.9870),tensor(78.3335)
37,2,tensor(102.5415),tensor(111.2139)
38,1,tensor(120.1217),tensor(166.8900)
38,2,tensor(36.1096),tensor(50.8063)
38,3,tensor(205.7251),tensor(96.3771)
38,4,tensor(41.5457),tensor(136.2940)
38,5,tensor(176.8326),tensor(149.2504)
38,6,tensor(72.8669),tensor(144.6647)
38,7,tensor(55.1870),tensor(141.1808)
38,8,tensor(206.7091),tensor(110.3430)
38,9,tensor(230.7786),tensor(79.2925)
38,10,tensor(210.1114),tensor(102.1443)
38,11,tensor(75.3816),tensor(130.1007)
38,12,tensor(84.6664),tensor(77.7438)
39,1,tensor(185.1676),tensor(141.1670)
39,2,tensor(43.1322),tensor(40.1528)
39,3,tensor(96.1372),tensor(20.9065)
39,4,tensor(234.4322),tensor(159.9997)
39,5,tensor(160.2831),tensor(85.3473)
39,6,tensor(264.0657),tensor(161.5663)
39,7,tensor(61.8615),tensor(61.9779)
39,8,tensor(147.0501),tensor(71.7320)
39,9,tensor(103.2094),tensor(90.4272)
39,10,tensor(183.1965),tensor(81.1839)
39,11,tensor(140.5769),tensor(138.8434)
39,12,tensor(180.7925),tensor(114.4823)
39,13,tensor(208.7817),tensor(162.7068)
39,14,tensor(206.2213),tensor(86.1675)
39,15,tensor(208.5992),tensor(161.9714)
4,1,tensor(175.1703),tensor(167.2699)
4,2,tensor(72.3926),tensor(57.6839)
4,3,tensor(129.9676),tensor(40.6628)
4,4,tensor(154.8303),tensor(103.1277)
4,5,tensor(59.7773),tensor(100.9172)
4,6,tensor(203.8571),tensor(114.3098)
4,7,tensor(123.6656),tensor(137.8524)
4,8,tensor(92.0641),tensor(107.5646)
4,9,tensor(175.6846),tensor(122.5621)
4,10,tensor(120.7752),tensor(130.1395)
4,11,tensor(73.8869),tensor(117.7429)
4,12,tensor(115.0054),tensor(114.8989)
4,13,tensor(118.4077),tensor(119.0356)
4,14,tensor(225.7329),tensor(127.8146)
40,1,tensor(91.5027),tensor(124.8966)
40,2,tensor(239.2946),tensor(75.1685)
40,3,tensor(66.8623),tensor(111.8847)
40,4,tensor(240.7708),tensor(70.5839)
40,5,tensor(204.6949),tensor(26.7337)
41,1,tensor(32.3613),tensor(86.5377)
41,2,tensor(47.9011),tensor(92.5161)
41,3,tensor(15.4380),tensor(6.1660)
41,4,tensor(6.4680),tensor(41.3562)
41,5,tensor(71.0544),tensor(140.5790)
41,6,tensor(80.1611),tensor(55.2869)
41,7,tensor(90.9735),tensor(72.0829)
42,1,tensor(126.3174),tensor(88.7757)
42,2,tensor(58.2086),tensor(31.3316)
42,3,tensor(132.3573),tensor(21.1011)
42,4,tensor(107.4100),tensor(95.2946)
42,5,tensor(175.9456),tensor(108.4373)
42,6,tensor(143.6448),tensor(51.2339)
42,7,tensor(259.3841),tensor(107.7345)
42,8,tensor(195.1018),tensor(91.5984)
42,9,tensor(165.1677),tensor(66.1351)
42,10,tensor(242.2738),tensor(140.3927)
42,11,tensor(114.0618),tensor(122.6671)
42,12,tensor(256.2111),tensor(6.7150)
42,13,tensor(131.7605),tensor(138.0949)
42,14,tensor(69.2523),tensor(55.8840)
42,15,tensor(261.7273),tensor(150.5533)
42,16,tensor(185.0812),tensor(6.1019)
42,17,tensor(64.5298),tensor(104.7507)
42,18,tensor(104.5682),tensor(40.0841)
42,19,tensor(27.6390),tensor(6.3425)
42,20,tensor(103.6998),tensor(18.0535)
42,21,tensor(54.3041),tensor(52.3032)
42,22,tensor(240.5628),tensor(77.4249)
42,23,tensor(261.7327),tensor(180.5237)
43,1,tensor(164.8131),tensor(112.8697)
43,2,tensor(122.4327),tensor(88.7446)
43,3,tensor(27.2559),tensor(35.6669)
43,4,tensor(51.4662),tensor(62.0629)
43,5,tensor(82.4907),tensor(126.4426)
43,6,tensor(168.3438),tensor(166.5471)
43,7,tensor(76.7016),tensor(100.0352)
43,8,tensor(82.0370),tensor(137.3740)
43,9,tensor(36.0471),tensor(46.2323)
43,10,tensor(224.1834),tensor(80.1878)
44,1,tensor(164.7740),tensor(77.5758)
44,2,tensor(49.4080),tensor(75.9142)
44,3,tensor(98.3291),tensor(96.5763)
44,4,tensor(253.1230),tensor(36.9951)
44,5,tensor(127.9529),tensor(90.4433)
44,6,tensor(66.3196),tensor(150.8716)
44,7,tensor(71.6336),tensor(108.0461)
44,8,tensor(208.5946),tensor(11.5313)
44,9,tensor(171.2223),tensor(110.4510)
44,10,tensor(259.8038),tensor(6.3010)
44,11,tensor(120.8329),tensor(121.0000)
44,12,tensor(144.9554),tensor(108.7936)
44,13,tensor(120.6072),tensor(132.3080)
44,14,tensor(163.8440),tensor(175.8987)
44,15,tensor(45.7525),tensor(52.5535)
44,16,tensor(94.1858),tensor(139.5303)
44,17,tensor(188.8341),tensor(75.6310)
44,18,tensor(120.3512),tensor(126.3031)
45,1,tensor(36.3724),tensor(157.2145)
45,2,tensor(13.9447),tensor(34.2704)
45,3,tensor(43.9651),tensor(86.0367)
45,4,tensor(66.9042),tensor(79.8497)
45,5,tensor(29.5960),tensor(176.6489)
45,6,tensor(77.1457),tensor(125.3546)
45,7,tensor(21.0007),tensor(84.1231)
45,8,tensor(57.0937),tensor(123.2671)
45,9,tensor(42.3143),tensor(118.7217)
45,10,tensor(53.3211),tensor(119.8417)
45,11,tensor(45.1253),tensor(116.2045)
47,1,tensor(152.2734),tensor(67.4639)
47,2,tensor(103.8766),tensor(127.8763)
47,3,tensor(61.0833),tensor(78.8228)
47,4,tensor(189.0276),tensor(126.4345)
47,5,tensor(85.8349),tensor(21.7193)
47,6,tensor(230.0842),tensor(79.4179)
47,7,tensor(19.4337),tensor(54.4085)
48,1,tensor(228.4318),tensor(19.9752)
48,2,tensor(207.0809),tensor(20.8934)
48,3,tensor(173.5831),tensor(98.8071)
49,1,tensor(104.2817),tensor(36.6069)
49,2,tensor(145.6656),tensor(47.7260)
49,3,tensor(46.4324),tensor(71.3417)
49,4,tensor(81.4872),tensor(114.2700)
49,5,tensor(92.5328),tensor(150.4888)
49,6,tensor(13.5696),tensor(172.9556)
49,7,tensor(241.9610),tensor(126.0021)
49,8,tensor(262.8408),tensor(113.3480)
49,9,tensor(202.2411),tensor(162.6414)
49,10,tensor(253.0721),tensor(158.1427)
49,11,tensor(167.7957),tensor(10.9126)
49,12,tensor(135.5683),tensor(100.6165)
49,13,tensor(130.2246),tensor(95.1436)
49,14,tensor(148.3865),tensor(101.5165)
49,15,tensor(133.5356),tensor(177.0140)
49,16,tensor(185.1492),tensor(176.1994)
5,1,tensor(76.4934),tensor(140.5601)
5,2,tensor(21.0567),tensor(117.6093)
5,3,tensor(104.3257),tensor(168.1898)
5,4,tensor(115.0247),tensor(91.4158)
5,5,tensor(82.5076),tensor(90.3130)
5,6,tensor(153.6956),tensor(37.0844)
5,7,tensor(56.3334),tensor(111.6952)
5,8,tensor(147.9820),tensor(78.8923)
5,9,tensor(47.0625),tensor(10.1134)
5,10,tensor(110.3954),tensor(55.0255)
5,11,tensor(4.0172),tensor(107.8991)
5,12,tensor(140.5034),tensor(83.3744)
5,13,tensor(228.3329),tensor(26.6735)
50,1,tensor(157.4708),tensor(150.7999)
50,2,tensor(142.6741),tensor(97.6883)
50,3,tensor(119.9947),tensor(88.8834)
50,4,tensor(89.7574),tensor(164.6570)
50,5,tensor(123.8425),tensor(48.5027)
50,6,tensor(90.6278),tensor(35.2526)
50,7,tensor(153.8211),tensor(175.8818)
50,8,tensor(248.7845),tensor(8.6144)
50,9,tensor(150.7079),tensor(175.1677)
50,10,tensor(137.5691),tensor(157.7784)
51,1,tensor(91.5044),tensor(91.1855)
51,2,tensor(52.1468),tensor(100.6170)
52,1,tensor(226.9374),tensor(120.0471)
52,2,tensor(40.8034),tensor(143.3215)
52,3,tensor(9.2726),tensor(110.5703)
52,4,tensor(9.8434),tensor(114.1356)
52,5,tensor(252.5675),tensor(147.8241)
52,6,tensor(156.8303),tensor(33.4953)
52,7,tensor(60.6527),tensor(150.3954)
52,8,tensor(140.5182),tensor(173.2338)
52,9,tensor(10.0814),tensor(126.3211)
52,10,tensor(6.5039),tensor(137.7775)
52,11,tensor(9.1458),tensor(136.4949)
52,12,tensor(254.3418),tensor(135.8493)
52,13,tensor(44.0252),tensor(144.3643)
52,14,tensor(145.1005),tensor(91.7275)
52,15,tensor(202.7194),tensor(20.2604)
52,16,tensor(252.9512),tensor(143.3398)
52,17,tensor(236.2330),tensor(9.5348)
53,1,tensor(233.6492),tensor(88.6612)
53,2,tensor(31.0435),tensor(79.9319)
53,3,tensor(106.0364),tensor(149.7641)
53,4,tensor(165.9214),tensor(79.2382)
54,1,tensor(135.4570),tensor(92.2361)
54,2,tensor(189.8718),tensor(80.9121)
55,1,tensor(113.9892),tensor(99.4541)
56,1,tensor(135.4132),tensor(92.2416)
56,2,tensor(25.8675),tensor(117.0515)
56,3,tensor(117.6006),tensor(63.6780)
57,1,tensor(54.6659),tensor(38.9342)
57,2,tensor(168.1262),tensor(8.2721)
57,3,tensor(139.3818),tensor(10.9406)
57,4,tensor(233.0638),tensor(87.6628)
57,5,tensor(99.3430),tensor(10.9588)
57,6,tensor(115.1245),tensor(3.7097)
57,7,tensor(18.8290),tensor(7.3367)
57,8,tensor(197.7383),tensor(65.7648)
57,9,tensor(236.4278),tensor(102.5643)
57,10,tensor(169.6092),tensor(151.9447)
57,11,tensor(169.4497),tensor(122.5589)
57,12,tensor(202.2919),tensor(17.3067)
57,13,tensor(256.3165),tensor(6.8764)
57,14,tensor(164.7008),tensor(59.5322)
57,15,tensor(252.8878),tensor(126.1239)
57,16,tensor(255.6731),tensor(97.1731)
57,17,tensor(226.3002),tensor(48.2492)
57,18,tensor(135.4567),tensor(92.3349)
57,19,tensor(261.0784),tensor(7.0225)
58,1,tensor(153.2757),tensor(36.0626)
58,2,tensor(61.0988),tensor(97.4069)
58,3,tensor(137.4507),tensor(98.3198)
58,4,tensor(107.5698),tensor(38.2699)
59,1,tensor(125.6201),tensor(92.5000)
59,2,tensor(215.6883),tensor(65.7640)
6,1,tensor(114.0084),tensor(87.2853)
6,2,tensor(149.5408),tensor(85.0899)
6,3,tensor(93.5609),tensor(135.0198)
6,4,tensor(170.4414),tensor(128.2158)
6,5,tensor(9.4869),tensor(151.7635)
6,6,tensor(243.6615),tensor(148.4783)
6,7,tensor(263.1890),tensor(163.6443)
60,1,tensor(144.6865),tensor(60.6790)
60,2,tensor(66.4604),tensor(77.7545)
60,3,tensor(19.9137),tensor(95.3204)
61,1,tensor(76.6529),tensor(144.5579)
61,2,tensor(218.2907),tensor(29.8747)
61,3,tensor(177.3256),tensor(40.0805)
61,4,tensor(124.1720),tensor(22.8230)
61,5,tensor(146.9393),tensor(115.7276)
61,6,tensor(61.4841),tensor(38.9625)
61,7,tensor(194.6200),tensor(131.0867)
61,8,tensor(72.4418),tensor(85.0860)
61,9,tensor(241.6738),tensor(146.5957)
61,10,tensor(159.1024),tensor(16.4424)
61,11,tensor(242.6388),tensor(113.0518)
61,12,tensor(82.2838),tensor(11.2039)
61,13,tensor(250.0105),tensor(32.8703)
61,14,tensor(240.2372),tensor(133.9241)
61,15,tensor(184.5290),tensor(15.5223)
61,16,tensor(187.6610),tensor(14.0060)
62,1,tensor(204.6519),tensor(151.6498)
63,1,tensor(65.9102),tensor(139.8133)
63,2,tensor(241.2884),tensor(54.0859)
63,3,tensor(93.3912),tensor(168.6955)
63,4,tensor(221.9144),tensor(103.8702)
63,5,tensor(97.7115),tensor(102.8056)
63,6,tensor(197.6259),tensor(76.3096)
63,7,tensor(141.9294),tensor(85.1783)
63,8,tensor(136.0745),tensor(85.7268)
64,1,tensor(151.6941),tensor(128.6840)
64,2,tensor(52.7084),tensor(140.0142)
64,3,tensor(228.4869),tensor(35.6930)
64,4,tensor(200.5242),tensor(13.7995)
64,5,tensor(138.7785),tensor(47.8664)
64,6,tensor(13.0201),tensor(65.7254)
66,1,tensor(132.3868),tensor(92.5000)
66,2,tensor(38.2205),tensor(35.1416)
66,3,tensor(182.5300),tensor(60.9622)
67,1,tensor(186.2615),tensor(72.4235)
67,2,tensor(192.2387),tensor(53.3568)
67,3,tensor(23.1025),tensor(78.5065)
67,4,tensor(238.7383),tensor(77.7719)
67,5,tensor(210.3367),tensor(93.5774)
67,6,tensor(123.7640),tensor(94.7990)
67,7,tensor(177.3531),tensor(93.3738)
67,8,tensor(50.0178),tensor(24.6812)
67,9,tensor(158.6958),tensor(86.4980)
67,10,tensor(114.9790),tensor(110.6746)
67,11,tensor(39.8213),tensor(75.7328)
67,12,tensor(120.5852),tensor(43.4963)
67,13,tensor(9.8412),tensor(83.1353)
67,14,tensor(57.8934),tensor(92.8667)
67,15,tensor(135.6572),tensor(92.5000)
67,16,tensor(177.3839),tensor(90.4016)
67,17,tensor(219.0431),tensor(134.8019)
67,18,tensor(174.1402),tensor(111.5272)
68,1,tensor(190.9389),tensor(63.6064)
68,2,tensor(79.4988),tensor(148.7650)
68,3,tensor(173.1169),tensor(56.6595)
68,4,tensor(191.2418),tensor(165.1427)
68,5,tensor(232.0347),tensor(89.6698)
68,6,tensor(129.4086),tensor(54.2226)
68,7,tensor(136.6581),tensor(129.0305)
68,8,tensor(144.6795),tensor(117.4588)
68,9,tensor(244.0047),tensor(26.9921)
68,10,tensor(207.2042),tensor(84.7535)
68,11,tensor(223.7431),tensor(13.7264)
68,12,tensor(204.5901),tensor(6.4071)
68,13,tensor(111.1972),tensor(33.8703)
68,14,tensor(175.0435),tensor(5.8315)
68,15,tensor(41.8456),tensor(95.0843)
68,16,tensor(154.8621),tensor(46.7865)
68,17,tensor(185.0803),tensor(97.8026)
68,18,tensor(108.9983),tensor(132.4130)
68,19,tensor(40.9531),tensor(92.7909)
68,20,tensor(85.3464),tensor(54.8030)
68,21,tensor(205.8312),tensor(130.7591)
68,22,tensor(77.2862),tensor(7.2666)
68,23,tensor(95.9407),tensor(84.1342)
68,24,tensor(6.9009),tensor(136.4135)
68,25,tensor(70.5720),tensor(5.8625)
68,26,tensor(137.1731),tensor(95.5725)
68,27,tensor(256.3737),tensor(110.1835)
68,28,tensor(96.7315),tensor(32.4954)
68,29,tensor(83.8284),tensor(69.2069)
68,30,tensor(158.0733),tensor(125.6122)
68,31,tensor(176.3430),tensor(172.2285)
68,32,tensor(142.4838),tensor(153.3264)
68,33,tensor(265.5503),tensor(121.6351)
68,34,tensor(261.6191),tensor(141.5546)
68,35,tensor(246.1868),tensor(117.0378)
68,36,tensor(265.5827),tensor(4.7853)
68,37,tensor(98.4811),tensor(145.1978)
69,1,tensor(144.8405),tensor(135.3018)
69,2,tensor(168.6982),tensor(139.1980)
69,3,tensor(56.8562),tensor(101.6813)
69,4,tensor(70.4828),tensor(88.1424)
69,5,tensor(31.7386),tensor(108.5320)
69,6,tensor(246.4310),tensor(159.6923)
69,7,tensor(64.2085),tensor(19.9232)
69,8,tensor(186.8601),tensor(89.0339)
69,9,tensor(40.4997),tensor(153.3110)
69,10,tensor(185.7150),tensor(72.1696)
69,11,tensor(239.0606),tensor(139.6464)
69,12,tensor(35.9726),tensor(147.6817)
69,13,tensor(24.3159),tensor(53.9823)
69,14,tensor(70.2276),tensor(147.8549)
69,15,tensor(194.4979),tensor(57.5709)
69,16,tensor(187.8680),tensor(67.3430)
7,1,tensor(90.6682),tensor(13.2532)
7,2,tensor(26.9492),tensor(80.5326)
7,3,tensor(28.4233),tensor(33.1984)
7,4,tensor(87.7017),tensor(140.0593)
7,5,tensor(79.4819),tensor(155.5164)
7,6,tensor(258.9054),tensor(27.4405)
7,7,tensor(109.1556),tensor(61.9387)
7,8,tensor(61.5433),tensor(125.4014)
7,9,tensor(103.3095),tensor(42.2558)
7,10,tensor(258.4123),tensor(107.6309)
7,11,tensor(167.5983),tensor(149.7859)
7,12,tensor(151.8716),tensor(57.2794)
7,13,tensor(8.3140),tensor(14.7475)
7,14,tensor(59.0712),tensor(152.8386)
7,15,tensor(133.2390),tensor(84.2262)
7,16,tensor(35.6312),tensor(129.0234)
7,17,tensor(177.2077),tensor(72.0280)
7,18,tensor(153.2074),tensor(111.8609)
7,19,tensor(241.6488),tensor(99.1198)
7,20,tensor(93.8479),tensor(92.2269)
7,21,tensor(122.1362),tensor(44.2628)
7,22,tensor(8.6953),tensor(142.3905)
7,23,tensor(68.0584),tensor(177.1083)
7,24,tensor(149.9005),tensor(123.5376)
7,25,tensor(207.4585),tensor(63.7901)
7,26,tensor(193.1301),tensor(4.1576)
7,27,tensor(151.5759),tensor(150.7690)
7,28,tensor(266.3983),tensor(179.3871)
7,29,tensor(44.2163),tensor(177.0846)
70,1,tensor(82.8298),tensor(91.0843)
70,2,tensor(48.2507),tensor(99.5416)
71,1,tensor(6.1563),tensor(100.3039)
71,2,tensor(71.8419),tensor(177.7102)
72,1,tensor(214.5114),tensor(29.8444)
72,2,tensor(75.0630),tensor(144.6304)
72,3,tensor(121.1760),tensor(22.9491)
72,4,tensor(144.9931),tensor(118.4911)
72,5,tensor(174.6791),tensor(39.2524)
72,6,tensor(191.9532),tensor(131.7466)
72,7,tensor(72.2494),tensor(86.9805)
72,8,tensor(60.4574),tensor(38.7839)
72,9,tensor(163.6416),tensor(16.8152)
72,10,tensor(236.0979),tensor(134.1364)
72,11,tensor(237.7045),tensor(146.2166)
72,12,tensor(246.7042),tensor(33.8457)
72,13,tensor(79.2314),tensor(10.6027)
72,14,tensor(238.8706),tensor(113.0622)
72,15,tensor(180.5109),tensor(15.2417)
72,16,tensor(183.2180),tensor(14.4256)
73,1,tensor(93.1890),tensor(147.1171)
73,2,tensor(133.3640),tensor(116.0767)
73,3,tensor(24.2893),tensor(50.5107)
73,4,tensor(164.0137),tensor(115.1311)
73,5,tensor(188.2979),tensor(92.9674)
73,6,tensor(79.0273),tensor(37.3698)
73,7,tensor(196.1519),tensor(39.9240)
73,8,tensor(102.3714),tensor(50.8923)
73,9,tensor(134.9457),tensor(55.2353)
73,10,tensor(127.1697),tensor(46.1066)
73,11,tensor(198.3617),tensor(47.0823)
74,1,tensor(60.1604),tensor(38.8683)
74,2,tensor(184.3393),tensor(8.7223)
74,3,tensor(151.7034),tensor(11.6416)
74,4,tensor(108.2888),tensor(11.0317)
74,5,tensor(20.9766),tensor(7.9240)
74,6,tensor(126.1087),tensor(4.0470)
74,7,tensor(135.3861),tensor(92.2181)
74,8,tensor(49.1554),tensor(4.4851)
74,9,tensor(255.0030),tensor(87.3215)
74,10,tensor(13.5796),tensor(64.8234)
74,11,tensor(186.1006),tensor(150.8856)
74,12,tensor(104.2029),tensor(10.6003)
76,1,tensor(223.3118),tensor(147.6541)
76,2,tensor(65.5951),tensor(159.1758)
76,3,tensor(76.4424),tensor(23.4228)
76,4,tensor(177.3047),tensor(69.9423)
76,5,tensor(107.7085),tensor(92.4882)
76,6,tensor(175.0768),tensor(107.2502)
76,7,tensor(218.3161),tensor(68.4829)
76,8,tensor(182.7768),tensor(18.3513)
76,9,tensor(19.9226),tensor(57.8679)
76,10,tensor(13.5918),tensor(53.4954)
77,1,tensor(93.3153),tensor(134.4698)
77,2,tensor(145.7298),tensor(131.4830)
77,3,tensor(180.2749),tensor(61.9432)
77,4,tensor(251.7374),tensor(38.5706)
77,5,tensor(256.7217),tensor(143.5188)
77,6,tensor(205.3062),tensor(34.1357)
77,7,tensor(200.8319),tensor(134.8206)
77,8,tensor(245.6188),tensor(168.8894)
77,9,tensor(130.7776),tensor(8.4851)
78,1,tensor(19.0011),tensor(86.1478)
78,2,tensor(177.3681),tensor(103.2739)
78,3,tensor(58.9408),tensor(63.0990)
78,4,tensor(258.4607),tensor(77.4366)
78,5,tensor(55.9075),tensor(85.3238)
78,6,tensor(200.9724),tensor(90.3970)
78,7,tensor(35.9683),tensor(28.9885)
78,8,tensor(10.9089),tensor(129.6550)
78,9,tensor(193.1236),tensor(164.2031)
78,10,tensor(102.7745),tensor(142.5002)
78,11,tensor(57.5303),tensor(27.1955)
78,12,tensor(21.4567),tensor(171.0951)
78,13,tensor(74.4089),tensor(130.3888)
78,14,tensor(252.9737),tensor(131.6915)
78,15,tensor(134.9521),tensor(151.1137)
78,16,tensor(84.7504),tensor(95.9146)
78,17,tensor(262.2780),tensor(158.0968)
78,18,tensor(132.3302),tensor(89.9564)
78,19,tensor(184.2537),tensor(75.2046)
78,20,tensor(43.4186),tensor(50.9033)
78,21,tensor(152.6290),tensor(71.0885)
78,22,tensor(132.0988),tensor(173.0794)
78,23,tensor(237.7384),tensor(177.5796)
78,24,tensor(3.9421),tensor(40.1957)
78,25,tensor(119.5788),tensor(141.7887)
78,26,tensor(180.6069),tensor(74.3343)
79,1,tensor(135.3853),tensor(90.4695)
8,1,tensor(132.6121),tensor(116.2442)
8,2,tensor(171.1854),tensor(67.8113)
80,1,tensor(135.0855),tensor(92.5000)
82,1,tensor(90.6245),tensor(98.3694)
82,2,tensor(137.7781),tensor(85.7293)
83,1,tensor(134.9563),tensor(92.3680)
83,2,tensor(55.5292),tensor(70.5160)
83,3,tensor(56.8279),tensor(73.5723)
83,4,tensor(108.4076),tensor(104.2304)
84,1,tensor(141.1181),tensor(90.5422)
84,2,tensor(68.3699),tensor(122.5180)
84,3,tensor(202.4777),tensor(96.9829)
85,1,tensor(135.4650),tensor(84.3062)
85,2,tensor(72.9674),tensor(25.4122)
86,1,tensor(130.8370),tensor(92.5000)
87,1,tensor(200.1996),tensor(103.6871)
87,2,tensor(80.9134),tensor(140.8397)
87,3,tensor(215.9011),tensor(54.1687)
87,4,tensor(105.5807),tensor(103.3484)
87,5,tensor(104.0624),tensor(170.1271)
87,6,tensor(185.6916),tensor(76.9972)
87,7,tensor(140.2711),tensor(85.0035)
87,8,tensor(135.0879),tensor(84.7610)
87,9,tensor(208.5494),tensor(10.7012)
87,10,tensor(133.0578),tensor(86.3944)
88,1,tensor(207.4572),tensor(69.0825)
88,2,tensor(53.5918),tensor(106.7312)
88,3,tensor(211.9084),tensor(132.3185)
88,4,tensor(103.7386),tensor(105.4901)
88,5,tensor(129.5624),tensor(69.1370)
88,6,tensor(189.5876),tensor(10.6023)
88,7,tensor(138.1575),tensor(20.7683)
88,8,tensor(111.3958),tensor(152.9908)
88,9,tensor(142.0804),tensor(48.5574)
88,10,tensor(80.5560),tensor(142.6581)
88,11,tensor(237.0345),tensor(19.0760)
88,12,tensor(85.7489),tensor(149.1957)
88,13,tensor(183.3624),tensor(81.5816)
88,14,tensor(79.9750),tensor(132.1230)
88,15,tensor(120.7676),tensor(21.6147)
88,16,tensor(242.0365),tensor(41.7897)
88,17,tensor(253.6133),tensor(76.8484)
89,1,tensor(94.9573),tensor(77.8181)
89,2,tensor(128.2350),tensor(97.2937)
89,3,tensor(219.7403),tensor(91.3537)
89,4,tensor(217.3350),tensor(96.7201)
89,5,tensor(58.4935),tensor(127.5674)
89,6,tensor(138.0830),tensor(20.5664)
89,7,tensor(103.0422),tensor(25.5868)
89,8,tensor(67.9194),tensor(34.5966)
89,9,tensor(262.5258),tensor(112.6228)
89,10,tensor(182.0918),tensor(66.3412)
9,1,tensor(52.5658),tensor(162.2751)
9,2,tensor(84.2192),tensor(152.0835)
9,3,tensor(137.3517),tensor(64.6869)
9,4,tensor(229.6939),tensor(107.5740)
9,5,tensor(241.4181),tensor(74.2596)
9,6,tensor(28.8853),tensor(101.2963)
9,7,tensor(205.6281),tensor(125.1958)
9,8,tensor(147.1237),tensor(98.0794)
9,9,tensor(67.0812),tensor(92.7988)
9,10,tensor(5.7731),tensor(37.7911)
9,11,tensor(258.5096),tensor(44.7993)
9,12,tensor(258.0046),tensor(38.6826)
92,1,tensor(8.1384),tensor(8.2822)
92,2,tensor(258.3386),tensor(14.9864)
92,3,tensor(170.7217),tensor(54.3684)
92,4,tensor(164.5796),tensor(58.4272)
92,5,tensor(88.0645),tensor(42.2100)
92,6,tensor(160.5083),tensor(59.9478)
92,7,tensor(48.9440),tensor(2.8740)
92,8,tensor(104.3110),tensor(43.5819)
92,9,tensor(157.2399),tensor(62.6733)
92,10,tensor(15.6141),tensor(40.3660)
92,11,tensor(125.3441),tensor(61.5853)
92,12,tensor(151.5012),tensor(127.2532)
93,1,tensor(145.9219),tensor(92.5000)
93,2,tensor(185.9269),tensor(118.8254)
93,3,tensor(185.4268),tensor(122.8634)
93,4,tensor(180.2873),tensor(117.2242)
94,1,tensor(172.6995),tensor(75.5740)
94,2,tensor(86.7573),tensor(69.0367)
95,1,tensor(132.3868),tensor(92.5000)
95,2,tensor(38.2205),tensor(35.1416)
95,3,tensor(182.5300),tensor(60.9622)
96,1,tensor(209.3631),tensor(116.2868)
96,2,tensor(130.4624),tensor(119.8586)
97,1,tensor(119.1020),tensor(124.2518)
97,2,tensor(66.1304),tensor(61.0327)
97,3,tensor(22.8598),tensor(25.3901)
97,4,tensor(93.2684),tensor(72.9216)
97,5,tensor(134.7310),tensor(92.5000)
97,6,tensor(92.2384),tensor(146.2299)
97,7,tensor(167.2455),tensor(104.2681)
97,8,tensor(52.3521),tensor(10.9292)
97,9,tensor(150.1890),tensor(100.0318)
97,10,tensor(128.6422),tensor(145.9319)
97,11,tensor(142.8461),tensor(66.3924)
97,12,tensor(77.8036),tensor(44.6234)
97,13,tensor(99.8606),tensor(128.3025)
97,14,tensor(182.7753),tensor(60.2155)
97,15,tensor(34.7511),tensor(77.8205)
97,16,tensor(96.9094),tensor(72.1113)
97,17,tensor(9.7762),tensor(58.5168)
97,18,tensor(79.5823),tensor(13.0895)
97,19,tensor(49.8269),tensor(13.5503)
97,20,tensor(91.7038),tensor(75.9472)
97,21,tensor(132.6920),tensor(76.0227)
97,22,tensor(206.2180),tensor(98.3013)
97,23,tensor(30.0217),tensor(106.6328)
97,24,tensor(141.4004),tensor(87.8878)
97,25,tensor(150.4938),tensor(60.1378)
97,26,tensor(88.9824),tensor(125.9762)
97,27,tensor(165.7244),tensor(42.0324)
97,28,tensor(64.6170),tensor(30.6217)
97,29,tensor(78.3332),tensor(16.4513)
97,30,tensor(136.2691),tensor(133.4916)
97,31,tensor(85.3720),tensor(159.1046)
98,1,tensor(259.1996),tensor(74.4552)
98,2,tensor(258.1398),tensor(34.6458)
98,3,tensor(122.9070),tensor(105.2849)
98,4,tensor(199.1635),tensor(32.6653)
98,5,tensor(194.9621),tensor(107.2146)
98,6,tensor(19.0889),tensor(8.8080)
98,7,tensor(42.7604),tensor(143.4529)
98,8,tensor(154.3422),tensor(126.4447)
98,9,tensor(190.9093),tensor(167.8916)
98,10,tensor(130.2744),tensor(83.9955)
98,11,tensor(7.8690),tensor(105.0740)
98,12,tensor(80.5288),tensor(117.3694)
98,13,tensor(5.4742),tensor(72.1313)
98,14,tensor(181.3640),tensor(86.1726)
98,15,tensor(88.0936),tensor(80.3456)
98,16,tensor(56.3694),tensor(52.9937)
98,17,tensor(67.9406),tensor(97.4741)
98,18,tensor(104.7297),tensor(120.2667)
98,19,tensor(117.7263),tensor(5.6691)
98,20,tensor(244.9514),tensor(17.1100)
98,21,tensor(76.1791),tensor(59.8864)
98,22,tensor(219.3074),tensor(174.6810)
98,23,tensor(63.9550),tensor(113.0926)
99,1,tensor(144.6040),tensor(87.4465)
99,2,tensor(168.5565),tensor(98.6049)
99,3,tensor(253.8917),tensor(84.5678)
99,4,tensor(103.7885),tensor(149.9175)
99,5,tensor(145.4026),tensor(104.2879)
99,6,tensor(168.5804),tensor(76.9287)
99,7,tensor(90.1859),tensor(90.7821)
99,8,tensor(105.6277),tensor(143.8342)
